,foundation_name,link,Brand,price,colors,rank
0,Pro Filt'r Soft Matte Longwear Foundation,https://www.sephora.com/product/pro-filtr-soft-matte-longwear-foundation-P87985432?icid2=products,FENTY BEAUTY by Rihanna,$34.00,49 more colors,width:81.986%
1,Double Wear Stay-in-Place Foundation,https://www.sephora.com/product/double-wear-stay-in-place-makeup-P378284?icid2=products,Estée Lauder,$42.00,55 more colors,width:88.848%
2,Ultra HD Invisible Cover Foundation,https://www.sephora.com/product/ultra-hd-invisible-cover-foundation-P398321?icid2=products,MAKE UP FOR EVER,$19.00 - $43.00,40 more colors,width:78.78999999999999%
3,Luminous Silk Foundation,https://www.sephora.com/product/luminous-silk-foundation-P393401?icid2=products,Giorgio Armani Beauty,$42.00 - $64.00,43 more colors,width:85.74199999999999%
4,Your Skin But Better™ CC+™ Cream with SPF 50+,https://www.sephora.com/product/your-skin-but-better-cc-cream-spf-50-P411885?icid2=products,IT Cosmetics,$15.00 - $38.00,13 more colors,width:81.32%
5,Born This Way Foundation,https://www.sephora.com/product/born-this-way-P397517?icid2=products,Too Faced,$39.00,34 more colors,width:77.14800000000001%
6,Lock-It Foundation,https://www.sephora.com/product/lock-it-tattoo-foundation-P311138?icid2=products,Kat Von D,$18.00 - $35.00,57 more colors,width:78.81400000000001%
7,Teint Idole Ultra Long Wear Foundation,https://www.sephora.com/product/teint-idole-ultra-24h-long-wear-foundation-P308201?icid2=products,Lancôme,$47.00,44 more colors,width:87.874%
8,Original Loose Powder Mineral Foundation Broad Spectrum SPF 15,https://www.sephora.com/product/bareminerals-original-foundation-broad-spectrum-spf-15-P61003?icid2=products,bareMinerals,$31.00,29 more colors,width:92.25%
9,#FauxFilter Foundation,https://www.sephora.com/product/fauxfilter-foundation-P424302?icid2=products,HUDA BEAUTY,$40.00,29 more colors,width:73.364%
10,Tinted Moisturizer Broad Spectrum SPF 20,https://www.sephora.com/product/tinted-moisturizer-broad-spectrum-P109936?icid2=products,Laura Mercier,$24.00 - $46.00,16 more colors,width:88.332%
11,Natural Radiant Longwear Foundation,https://www.sephora.com/product/natural-radiant-longwear-foundation-P427301?icid2=products,NARS,$49.00,32 more colors,width:72.876%
12,Dior Airflash Spray Foundation,https://www.sephora.com/product/diorskin-airflash-spray-foundation-P104914?icid2=products,Dior,$62.00,17 more colors,width:87.92199999999998%
13,Amazonian Clay Full Coverage Foundation SPF 15,https://www.sephora.com/product/amazonian-clay-12-hour-full-coverage-foundation-spf-15-P302918?icid2=products,tarte,$39.00,39 more colors,width:80.626%
14,Flawless Lumière Radiance-Perfecting Foundation,https://www.sephora.com/product/flawless-lumiere-radiance-perfecting-foundation-P440268?icid2=products,Laura Mercier,$48.00,29 more colors,width:87.402%
15,COMPLEXION RESCUE™ Tinted Moisturizer Broad Spectrum SPF 30,https://www.sephora.com/product/complexion-rescue-tinted-hydrating-gel-cream-P393356?icid2=products,bareMinerals,$30.00,15 more colors,width:79.032%
16,Sheer Glow Foundation,https://www.sephora.com/product/sheer-glow-foundation-P247355?icid2=products,NARS,$47.00,39 more colors,width:84.70599999999999%
17,BACKSTAGE Face & Body Foundation,https://www.sephora.com/product/backstage-face-body-foundation-P432500?icid2=products,Dior,$40.00,39 more colors,width:87.18%
18,Naked Skin Weightless Ultra Definition Liquid Foundation,https://www.sephora.com/product/naked-weightless-ultra-definition-liquid-makeup-P374830?icid2=products,Urban Decay,$40.00,25 more colors,width:84.13000000000001%
19,Tinted Moisturizer Broad Spectrum SPF 20 - Oil Free,https://www.sephora.com/product/tinted-moisturizer-broad-spectrum-oil-free-P140906?icid2=products,Laura Mercier,$46.00,14 more colors,width:86.51199999999999%
20,Pure Radiant Tinted Moisturizer Broad Spectrum SPF 30,https://www.sephora.com/product/pure-radiant-tinted-moisturizer-spf-30-pa-P302923?icid2=products,NARS,$45.00,10 more colors,width:88.064%
21,10 HR Wear Perfection Foundation,https://www.sephora.com/product/10-hr-wear-perfection-foundation-P379509?icid2=products,SEPHORA COLLECTION,$20.00,36 more colors,width:79.894%
22,Matte Perfection Powder Foundation,https://www.sephora.com/product/matte-perfection-powder-foundation-P408606?skuId=1787589&icid2=products,SEPHORA COLLECTION,$20.00,34 more colors,width:84.544%
23,Vanish™ Seamless Finish Foundation Stick,https://www.sephora.com/product/vanish-seamless-finish-foundation-stick-P410532?icid2=products,Hourglass,$46.00,31 more colors,width:80.36%
24,BAREPRO Performance Wear Powder Foundation,https://www.sephora.com/product/barepro-performance-wear-powder-foundation-P410543?icid2=products,bareMinerals,$31.00,29 more colors,width:81.75000000000001%
25,Matte Loose Powder Mineral Foundation Broad Spectrum SPF 15,https://www.sephora.com/product/bareminerals-matte-foundation-broad-spectrum-spf-15-P240604?icid2=products,bareMinerals,$31.00,29 more colors,width:87.646%
26,Water Foundation Broad Spectrum SPF 15 - Rainforest of the Sea™ Collection,https://www.sephora.com/product/rainforest-the-sea-water-foundation-broad-spectrum-spf-15-P405102?icid2=products,tarte,$39.00,29 more colors,width:78.08200000000001%
27,Your Skin But Better CC+ Cream Oil-Free Matte with SPF 40,https://www.sephora.com/product/your-skin-but-better-cc-oil-free-matte-with-spf-40-P433435?icid2=products,IT Cosmetics,$38.00,11 more colors,width:78.824%
28,Duo Mat Powder Foundation,https://www.sephora.com/product/duo-mat-powder-foundation-P177118?icid2=products,MAKE UP FOR EVER,$34.00,9 more colors,width:89.436%
29,Even Better Makeup SPF 15,https://www.sephora.com/product/even-better-makeup-spf-15-P234967?icid2=products,CLINIQUE,$29.00,55 more colors,width:83.664%
30,Studio Skin 15 Hour Hydrating Foundation,https://www.sephora.com/product/studio-skin-15-hour-wear-foundation-P292403?icid2=products,Smashbox,$36.00,39 more colors,width:84.328%
31,Smooth Finish Foundation Powder,https://www.sephora.com/product/smooth-finish-foundation-powder-P381714?icid2=products,Laura Mercier,$48.00,19 more colors,width:85.35199999999999%
32,Dior Forever 24h* Wear High Perfection Skin-Caring Matte Foundation,https://www.sephora.com/product/forever-matte-foundation-P439940?icid2=products,Dior,$52.00,27 more colors,width:75%
33,TOUCHE ECLAT All-In-One Glow,https://www.sephora.com/product/touche-eclat-all-in-one-glow-P428504?icid2=products,Yves Saint Laurent,$48.00,11 more colors,width:86.83999999999999%
34,Peach Perfect Comfort Matte Foundation – Peaches and Cream Collection,https://www.sephora.com/product/peach-perfect-comfort-moisture-matte-foundation-peaches-cream-collection-P422601?icid2=products,Too Faced,$36.00,19 more colors,width:86.272%
35,BarePRO™ Performance Wear Liquid Foundation Broad Spectrum SPF 20,https://www.sephora.com/product/barepro-performance-wear-liquid-foundation-broad-spectrum-spf-20-P421001?icid2=products,bareMinerals,$34.00,29 more colors,width:85.82000000000001%
36,Bounce™ Liquid Whip Long Wear Foundation,https://www.sephora.com/product/bounce-liquid-whip-longwear-foundation-P433987?icid2=products,beautyblender,$40.00,39 more colors,width:78.04599999999999%
37,Matte Velvet Skin Full Coverage Foundation,https://www.sephora.com/product/matte-velvet-skin-full-coverage-foundation-P434023?icid2=products,MAKE UP FOR EVER,$38.00,39 more colors,width:73.134%
38,Ultra HD Invisible Cover Stick Foundation,https://www.sephora.com/product/ultra-hd-invisible-cover-stick-foundation-P398775?icid2=products,MAKE UP FOR EVER,$43.00,19 more colors,width:80.63%
39,Re(marc)able Full Cover Foundation Concentrate,https://www.sephora.com/product/re-marc-able-full-coverage-foundation-concentrate-P398803?icid2=products,Marc Jacobs Beauty,$55.00,21 more colors,width:74.768%
40,Premium Beauty Balm SPF 45,https://www.sephora.com/product/premium-beauty-balm-spf-45-P285403?icid2=products,Dr. Jart+,$39.00,2 more colors,width:84.85799999999999%
41,All Day Luminous Weightless Foundation,https://www.sephora.com/product/all-day-luminous-weightless-foundation-P393658?icid2=products,NARS,$49.00,19 more colors,width:70.56%
42,All Hours Longwear Natural Matte Foundation,https://www.sephora.com/product/all-hours-full-coverage-matte-foundation-P421456?icid2=products,Yves Saint Laurent,$54.00,32 more colors,width:84.95799999999998%
43,Pressed Mineral Foundation,https://www.sephora.com/product/pressed-mineral-foundation-P376287?icid2=products,COVER FX,$38.00,38 more colors,width:82.202%
44,Your Skin But Better™ CC+Illumination™ Cream with SPF 50+,https://www.sephora.com/product/your-skin-but-better-cc-illumination-cream-spf-50-P411884?icid2=products,IT Cosmetics,$38.00,11 more colors,width:76.61800000000001%
45,BB Tinted Treatment 12-Hour Primer Broad Spectrum SPF 30 Sunscreen,https://www.sephora.com/product/bb-tinted-treatment-12-hour-primer-broad-spectrum-spf-30-sunscreen-P377542?icid2=products,tarte,$14.00 - $37.00,4 more colors,width:85.38399999999999%
46,Total Cover Cream Foundation,https://www.sephora.com/product/total-cover-cream-foundation-P376285?icid2=products,COVER FX,$42.00,39 more colors,width:80.094%
47,Diorskin Forever Undercover Foundation,https://www.sephora.com/product/diorskin-forever-undercover-foundation-P427506?icid2=products,Dior,$52.00,24 more colors,width:81.14800000000001%
48,Power Fabric Longwear High Cover Foundation SPF 25,https://www.sephora.com/product/power-fabric-longwear-high-cover-foundation-spf-25-P416785?icid2=products,Giorgio Armani Beauty,$64.00,19 more colors,width:82.98400000000001%
49,DUAL FINISH – Multi-tasking Longwear Powder Foundation,https://www.sephora.com/product/dual-finish-multi-tasking-longwear-powder-foundation-P54419?icid2=products,Lancôme,$40.00,31 more colors,width:87.21%
50,Flawless Fusion Ultra-Longwear Foundation,https://www.sephora.com/product/flawless-fusion-ultra-longwear-foundation-P421280?icid2=products,Laura Mercier,$48.00,29 more colors,width:81.806%
51,Tinted Moisturizer SPF 20 - Illuminating,https://www.sephora.com/product/tinted-moisturizer-spf-20-illuminating-P214216?icid2=products,Laura Mercier,$46.00,3 more colors,width:87.79199999999999%
52,Skin Foundation SPF 15,https://www.sephora.com/product/skin-foundation-spf-15-P270551?icid2=products,Bobbi Brown,$50.00,29 more colors,width:81.51400000000001%
53,Pro Finish Multi-Use Powder Foundation,https://www.sephora.com/product/pro-finish-multi-use-powder-foundation-P377189?icid2=products,MAKE UP FOR EVER,$37.00,5 more colors,width:81.368%
54,Beyond Perfecting Foundation + Concealer,https://www.sephora.com/product/beyond-perfecting-foundation-concealer-P393325?icid2=products,CLINIQUE,$29.00,26 more colors,width:74.804%
55,Amazonian Clay Full Coverage Airbrush Foundation,https://www.sephora.com/product/amazonian-clay-airbrush-foundation-P380829?icid2=products,tarte,$36.00,11 more colors,width:82.99%
56,All Nighter Liquid Foundation,https://www.sephora.com/product/all-nighter-liquid-foundation-P410548?icid2=products,Urban Decay,$40.00,22 more colors,width:67.996%
57,MicroSmooth Baked Foundation Face Powder,https://www.sephora.com/product/baked-foundation-face-powder-P310719?icid2=products,SEPHORA COLLECTION,$22.00,7 more colors,width:87.29599999999999%
58,Power Play Foundation,https://www.sephora.com/product/power-play-foundation-P429425?icid2=products,COVER FX,$44.00,39 more colors,width:82.59%
59,Your Skin But Better™ CC+ Airbrush Perfecting Powder™ with SPF 50+,https://www.sephora.com/product/your-skin-but-better-cc-airbrush-perfecting-powder-spf-50-P411889?icid2=products,IT Cosmetics,$35.00,6 more colors,width:71.52999999999999%
60,Immaculate® Liquid Powder Foundation Mattifying Oil Free,https://www.sephora.com/product/immaculate-liquid-powder-foundation-mattifying-oil-free-P301802?icid2=products,Hourglass,$56.00,21 more colors,width:79.512%
61,Stay-Matte Sheer Pressed Powder,https://www.sephora.com/product/stay-matte-sheer-pressed-powder-P122748?icid2=products,CLINIQUE,$27.00,14 more colors,width:86.99799999999999%
62,TOUCHE ECLAT LE TEINT Radiance Awakening Foundation SPF 22,https://www.sephora.com/product/touche-eclat-le-teint-radiance-awakening-foundation-spf-22-P405083?icid2=products,Yves Saint Laurent,$54.00,21 more colors,width:74.566%
63,Amazonian Clay BB Tinted Moisturizer Broad Spectrum SPF 20 Sunscreen,https://www.sephora.com/product/amazonian-clay-bb-tinted-moisturizer-broad-spectrum-spf-20-sunscreen-P67617?icid2=products,tarte,$36.00,5 more colors,width:85.014%
64,Bye Bye Redness™ Neutralizing Correcting Cream,https://www.sephora.com/product/bye-bye-redness-neutralizing-correcting-cream-P411393?icid2=products,IT Cosmetics,$32.00,2 more colors,width:83.94600000000001%
65,Wanderlust Powder Foundation,https://www.sephora.com/product/wanderlust-powder-foundation-P411529?icid2=products,Wander Beauty,$40.00,4 more colors,width:83.314%
66,CC Cream Daily Correct Broad Spectrum SPF 35+ Sunscreen,https://www.sephora.com/product/cc-cream-daily-correct-broad-spectrum-spf-35-sunscreen-P386793?icid2=products,Supergoop!,$34.00,3 more colors,width:86.944%
67,Blemish Rescue Skin-Clearing Loose Powder Foundation – For Acne Prone Skin,https://www.sephora.com/product/blemish-rescue-skin-clearing-loose-powder-foundation-P432867?icid2=products,bareMinerals,$29.00,19 more colors,width:86.524%
68,Deluxe Original Foundation Moonlit Magic Edition,https://www.sephora.com/product/moonlit-magic-deluxe-original-foundation-P435137?icid2=products,bareMinerals,$45.00,3 more colors,width:92.728%
69,The Sensual Skin Enhancer Concealer,https://www.sephora.com/product/the-sensual-skin-enhancer-P393953?icid2=products,KEVYN AUCOIN,$48.00,15 more colors,width:80.874%
70,Un Cover-Up Concealer/Foundation,https://www.sephora.com/product/un-cover-up-concealer-foundation-P408972?icid2=products,rms beauty,$36.00,15 more colors,width:84.666%
71,Skin Foundation Stick,https://www.sephora.com/product/foundation-stick-P270549?icid2=products,Bobbi Brown,$46.00,29 more colors,width:83.75999999999999%
72,Dior Forever Skin Glow 24h* Wear Radiant Perfection Skin-Caring Foundation,https://www.sephora.com/product/forever-glow-foundation-P439941?icid2=products,Dior,$52.00,23 more colors,width:84.444%
73,’Hello Flawless!’ Powder Foundation,https://www.sephora.com/product/hello-flawless-powder-foundation-P231510?icid2=products,Benefit Cosmetics,$34.00,8 more colors,width:86.564%
74,Photo’Perfexion Fluid Foundation SPF 20,https://www.sephora.com/product/photo-perfexion-fluid-foundation-spf-20-pa-P235346?icid2=products,Givenchy,$51.00,10 more colors,width:88.398%
75,Ultimate Coverage 24-Hour Foundation,https://www.sephora.com/product/ultimate-coverage-complexion-creme-P384640?icid2=products,BECCA,$44.00,23 more colors,width:78.96600000000001%
76,Camera Ready BB Cream SPF 35,https://www.sephora.com/product/camera-ready-bb-cream-spf-35-P300339?skuId=1574896&icid2=products,Smashbox,$42.00,7 more colors,width:80.272%
77,Skin Long-Wear Weightless Foundation SPF 15,https://www.sephora.com/product/skin-long-wear-weightless-foundation-spf-15-P427430?icid2=products,Bobbi Brown,$46.00,29 more colors,width:78.25%
78,BB Cushion Hydra Radiance SPF 50,https://www.sephora.com/product/bb-cushion-hydra-radiance-P420676?icid2=products,LANEIGE,$38.00,5 more colors,width:86.08%
79,Bright Future Skin Tint Broad Spectrum SPF 25,https://www.sephora.com/product/bright-future-skin-tint-broad-spectrum-spf-25-P427368?icid2=products,SEPHORA COLLECTION, $9.00,6 more colors,width:79.798%
80,Lingerie De Peau Natural Perfection Foundation SPF 20,https://www.sephora.com/product/lingerie-de-peau-liquid-foundation-spf-20-P276800?icid2=products,Guerlain,$63.00,13 more colors,width:90.03999999999999%
81,Mineral Powder,https://www.sephora.com/product/mineral-powder-spf-15-P181802?icid2=products,Laura Mercier,$42.00,5 more colors,width:89.052%
82,Acne Solutions BB Cream Broad Spectrum SPF 40,https://www.sephora.com/product/acne-solutions-bb-cream-broad-spectrum-spf-40-P394252?icid2=products,CLINIQUE,$39.00,4 more colors,width:82.964%
83,Color Control Cushion Compact Broad Spectrum SPF 50+,https://www.sephora.com/product/color-control-cushion-compact-broad-spectrum-spf-50-P378121?icid2=products,AMOREPACIFIC,$15.00 - $60.00,6 more colors,width:80.77400000000002%
84,Traceless Foundation Stick,https://www.sephora.com/product/traceless-foundation-stick-P422453?icid2=products,TOM FORD,$87.00,28 more colors,width:88.966%
85,Magic Foundation,https://www.sephora.com/product/magic-foundation-P433518?icid2=products,Charlotte Tilbury,$44.00,19 more colors,width:70.91000000000001%
86,Silk Crème Oil Free Photo Edition Foundation,https://www.sephora.com/product/silk-creme-oil-free-photo-edition-foundation-P136022?icid2=products,Laura Mercier,$48.00,15 more colors,width:82.48%
87,Blur Liquid Matte Foundation,https://www.sephora.com/product/blur-liquid-matte-foundation-P421938?icid2=products,MILK MAKEUP,$40.00,23 more colors,width:77.77000000000001%
88,Light Wonder Foundation,https://www.sephora.com/product/light-wonder-foundation-P434103?icid2=products,Charlotte Tilbury,$46.00,9 more colors,width:83.21400000000001%
89,Natural Finish Foundation,https://www.sephora.com/product/natural-finish-oil-free-foundation-P377714?icid2=products,COVER FX,$42.00,39 more colors,width:72.112%
90,The Soft Fluid Long Wear Foundation SPF 20,https://www.sephora.com/product/the-soft-fluid-long-wear-foundation-spf-20-P423742?icid2=products,La Mer,$120.00,19 more colors,width:81.68200000000002%
91,Silk Crème Moisturizing Photo Edition Foundation,https://www.sephora.com/product/silk-creme-moisturizing-photo-edition-foundation-P394937?icid2=products,Laura Mercier,$48.00,15 more colors,width:77.94200000000001%
92,Customizable Teint Idole Ultra Longwear Foundation Set,https://www.sephora.com/product/customizable-teint-idole-ultra-longwear-foundation-set-P439407?icid2=products,Lancôme,$47.00,,width:80%
93,Teint Idole Ultra Longwear Foundation Stick SPF 21,https://www.sephora.com/product/teint-idole-ultra-longwear-foundation-stick-spf-21-P403944?skuId=1919281&icid2=products,Lancôme,$43.00,29 more colors,width:88.14%
94,Acne Solutions Liquid Makeup,https://www.sephora.com/product/acne-solutions-liquid-makeup-P259605?icid2=products,CLINIQUE,$29.00,13 more colors,width:83.66199999999999%
95,Superpowder Double Face Makeup,https://www.sephora.com/product/superpowder-double-face-makeup-P122736?icid2=products,CLINIQUE,$27.00,5 more colors,width:86.8%
96,BB Crème au Ginseng,https://www.sephora.com/product/bb-creme-au-ginseng-P396093?icid2=products,Erborian,$39.00,2 more colors,width:87.132%
97,True Skin Serum Foundation,https://www.sephora.com/product/true-skin-serum-foundation-P429548?icid2=products,ILIA,$54.00,17 more colors,width:84.00000000000001%
98,Vibrancy Argan Oil Foundation Fluid,https://www.sephora.com/product/vibrancy-argan-oil-foundation-fluid-P407445?icid2=products,Josie Maran,$45.00,13 more colors,width:75.736%
99,Diorskin Nude Air Serum Foundation,https://www.sephora.com/product/diorskin-nude-air-serum-foundation-P393135?icid2=products,Dior,$53.00,5 more colors,width:83.08%
100,Water Blend Face & Body Foundation,https://www.sephora.com/product/water-blend-face-body-foundation-P410512?icid2=products,MAKE UP FOR EVER,$43.00,19 more colors,width:81.922%
101,SKIN FEELS GOOD Skin Nourishing Foundation,https://www.sephora.com/product/skin-feels-good-skin-nourishing-foundation-P428823?icid2=products,Lancôme,$35.00,9 more colors,width:87.924%
102,No Foundation Foundation Serum SPF 30,https://www.sephora.com/product/no-foundation-foundation-serum-spf-30-P386465?icid2=products,Perricone MD,$22.00 - $45.00,,width:85.018%
103,Capture Dreamskin Fresh & Perfect Cushion Broad Spectrum SPF 50,https://www.sephora.com/product/capture-dreamskin-fresh-perfect-cushion-broad-spectrum-spf-50-P435806?icid2=products,Dior,$82.00,4 more colors,width:85.122%
104,Sunshine Skin Tint SPF 30,https://www.sephora.com/product/sunshine-skin-tint-spf-30-P410176?icid2=products,MILK MAKEUP,$42.00,7 more colors,width:77.63799999999999%
105,Perfection Mist Airbrush Foundation,https://www.sephora.com/product/perfection-mist-airbrush-foundation-P381155?skuId=1507367&icid2=products,SEPHORA COLLECTION,$15.00 - $28.00,6 more colors,width:87.072%
106,BB Cream SPF 35,https://www.sephora.com/product/bb-cream-broad-spectrum-spf-35-P375910?icid2=products,Bobbi Brown,$47.00,6 more colors,width:78.618%
107,HALO Hydrating Perfecting Powder,https://www.sephora.com/product/halo-hydrating-perfecting-powder-P228100?icid2=products,Smashbox,$49.00,6 more colors,width:87.64%
108,Stay-Matte Oil-Free Makeup,https://www.sephora.com/product/stay-matte-oil-free-makeup-P310726?icid2=products,CLINIQUE,$27.00,19 more colors,width:80.912%
109,Naked Skin One & Done Hybrid Foundation,https://www.sephora.com/product/naked-skin-one-done-hybrid-complexion-perfector-P407434?icid2=products,Urban Decay,$36.00,5 more colors,width:82.258%
110,Skin Weightless Powder Foundation,https://www.sephora.com/product/skin-weightless-powder-foundation-P388664?icid2=products,Bobbi Brown,$50.00 - $52.00,17 more colors,width:78.558%
111,Essential High Coverage Crème Foundation,https://www.sephora.com/product/essential-high-coverage-creme-foundation-P434015?icid2=products,Jouer Cosmetics,$38.00,49 more colors,width:71.80799999999999%
112,Illusion® Hyaluronic Skin Tint,https://www.sephora.com/product/illusion-hyaluronic-skin-tint-P388108?skuId=1621291&icid2=products,Hourglass,$56.00,11 more colors,width:84.07199999999999%
113,Aqua Luminous Perfecting Foundation,https://www.sephora.com/product/aqua-luminous-perfecting-foundation-P404106?icid2=products,BECCA,$44.00,8 more colors,width:72.462%
114,Moisture Surge CC Cream Hydrating Colour Corrector Broad Spectrum SPF 30,https://www.sephora.com/product/moisture-surge-cc-cream-hydrating-colour-corrector-broad-spectrum-spf-30-P378639?icid2=products,CLINIQUE,$39.00,2 more colors,width:76.486%
115,Nothing Beats the Original™ Complexion Kit,https://www.sephora.com/product/bareminerals-nothing-beats-original-4-piece-get-started-kit-P421000?icid2=products,bareMinerals,$34.00,7 more colors,width:77.33399999999999%
116,Hello Happy Soft Blur Foundation,https://www.sephora.com/product/hello-happy-soft-blur-foundation-P432858?icid2=products,Benefit Cosmetics,$10.00 - $29.00,16 more colors,width:80.44399999999999%
117,Stick Foundation,https://www.sephora.com/product/stick-foundation-P410504?icid2=products,Anastasia Beverly Hills,$25.00,29 more colors,width:69.086%
118,bareSkin® Pure Brightening Serum Foundation Broad Spectrum SPF 20,https://www.sephora.com/product/bareskin-pure-brightening-serum-foundation-P385364?icid2=products,bareMinerals,$30.00,12 more colors,width:66.94%
119,Lock-It Foundation Kit,https://www.sephora.com/product/lock-it-foundation-kit-P432848?icid2=products,Kat Von D,$54.00,,width:67.692%
120,Aqua Foundation,https://www.sephora.com/product/aqua-foundation-P431509?icid2=products,Koh Gen Do,$70.00,9 more colors,width:82.60799999999999%
121,Limitless Foundation,https://www.sephora.com/product/limitless-foundation-P417152?icid2=products,STELLAR,$38.00,21 more colors,width:84.55999999999999%
122,Luminous Silk Powder Foundation,https://www.sephora.com/product/luminous-silk-powder-foundation-P399928?icid2=products,Giorgio Armani Beauty,$62.00,7 more colors,width:86.154%
123,Diorskin Forever Perfect Matte Powder Foundation,https://www.sephora.com/product/diorskin-forever-perfect-matte-powder-foundation-P297404?icid2=products,Dior,$54.00,11 more colors,width:85.77799999999999%
124,Woke Up Like This Flawless Finish Foundation,https://www.sephora.com/product/woke-up-like-this-flawless-finish-foundation-P432234?icid2=products,LAWLESS,$46.00,19 more colors,width:72.206%
125,Skin Love Weightless Blur Foundation,https://www.sephora.com/product/skin-love-weightless-blur-foundation-P434379?icid2=products,BECCA,$44.00,23 more colors,width:76.83%
126,Transformatte Pore Vanishing Matte Foundation,https://www.sephora.com/product/transformatte-pore-vanishing-matte-foundation-P434566?icid2=products,Natasha Denona,$45.00,34 more colors,width:73.182%
127,Stay All Day Foundation + Concealer,https://www.sephora.com/product/stay-all-day-foundation-concealer-P420628?icid2=products,stila,$40.00,15 more colors,width:75.284%
128,Shameless Youthful-Look 24H Foundation SPF 25,https://www.sephora.com/product/shameless-youthful-look-24h-foundation-spf-25-P427500?icid2=products,Marc Jacobs Beauty,$46.00,28 more colors,width:79.362%
129,8 HR Mattifying Compact Foundation,https://www.sephora.com/product/8-hr-mattifying-compact-foundation-P377347?icid2=products,SEPHORA COLLECTION,$20.00,14 more colors,width:82.18799999999999%
130,Velvet Matte Foundation Stick,https://www.sephora.com/product/velvet-matte-foundation-stick-P422223?icid2=products,NARS,$45.00,18 more colors,width:70.09%
131,Prime Time  BB Tinted Primer Broad Spectrum SPF 30,https://www.sephora.com/product/prime-time-bb-primer-cream-daily-defense-broad-spectrum-spf-30-P385504?icid2=products,bareMinerals,$27.00,3 more colors,width:81.398%
132,Black Label Detox BB Beauty Balm,https://www.sephora.com/product/black-label-detox-bb-beauty-balm-P374568?icid2=products,Dr. Jart+,$36.00,,width:82.748%
133,Clay Stick Foundation,https://www.sephora.com/product/clay-stick-foundation-P419646?icid2=products,tarte,$39.00,11 more colors,width:72.84200000000001%
134,The Etherealist Foundation,https://www.sephora.com/product/the-etherealist-skin-illuminating-foundation-P411600?icid2=products,KEVYN AUCOIN,$58.00,15 more colors,width:84.418%
135,Sheer Finish Pressed Setting Powder,https://www.sephora.com/product/sheer-finish-pressed-powder-P270540?icid2=products,Bobbi Brown,$42.00,3 more colors,width:91.764%
136,Ultra HD Perfector Skin Tint Foundation SPF 25,https://www.sephora.com/product/ultra-hd-perfector-P428675?icid2=products,MAKE UP FOR EVER,$20.00 - $36.00,12 more colors,width:84.236%
137,Superbalanced Makeup,https://www.sephora.com/product/superbalanced-makeup-P122740?icid2=products,CLINIQUE,$27.00,15 more colors,width:84.054%
138,Argan Matchmaker Serum Foundation,https://www.sephora.com/product/argan-matchmaker-serum-foundation-P280202?icid2=products,Josie Maran,$45.00,2 more colors,width:79.592%
139,All Hours Stick Foundation,https://www.sephora.com/product/all-hours-stick-foundation-P433816?icid2=products,Yves Saint Laurent,$48.00,19 more colors,width:88.5%
140,Designer Lift Smoothing Firming Foundation SPF 20,https://www.sephora.com/product/designer-lift-smoothing-firming-foundation-spf-20-P393406?icid2=products,Giorgio Armani Beauty,$67.00,4 more colors,width:84.37599999999999%
141,Make No Mistake Foundation & Concealer Stick,https://www.sephora.com/product/make-no-mistake-foundation-concealer-stick-P420440?icid2=products,SEPHORA COLLECTION,$20.00,15 more colors,width:80.684%
142,Nudies Tinted Blur Stick,https://www.sephora.com/product/nudies-tinted-blur-stick-P431758?icid2=products,NUDESTIX,$30.00,9 more colors,width:75%
143,’Hello Flawless!’ Oxygen Wow Liquid Foundation,https://www.sephora.com/product/hello-flawless-oxygen-wow-liquid-foundation-P305701?icid2=products,Benefit Cosmetics,$36.00,7 more colors,width:74.35%
144,The Luminous Lifting Cushion Foundation SPF 20 + Refill,https://www.sephora.com/product/the-luminous-lifting-cushion-foundation-spf-20-refill-P437500?icid2=products,La Mer,$120.00,11 more colors,width:81.904%
145,Ever-Matte Shine Proof Foundation,https://www.sephora.com/product/ever-matte-shine-proof-foundation-P379097?icid2=products,BECCA,$42.00,19 more colors,width:76.23%
146,Nude Illusion Liquid Foundation,https://www.sephora.com/product/nude-illusion-liquid-foundation-P437367?icid2=products,Wander Beauty,$40.00,11 more colors,width:84.138%
147,Double Wear Stay-In-Place Foundation Pump,https://www.sephora.com/product/double-wear-stay-in-place-makeup-pump-P427045?icid2=products,Estée Lauder,$10.00,,width:87.82600000000001%
148,Maestro Fusion Makeup Octinoxate Sunscreen SPF 15,https://www.sephora.com/product/maestro-fusion-makeup-octinoxate-sunscreen-spf-15-P393403?icid2=products,Giorgio Armani Beauty,$64.00,10 more colors,width:88.066%
149,Your Skin But Better CC+ Illumination Cream with SPF 50+,https://www.sephora.com/product/your-skin-but-better-cc-illumination-cream-with-spf-50-P423986?skuId=2137537&icid2=products,IT Cosmetics,$38.00,,width:76.91399999999999%
150,Mineral Face SPF 30 - Matte Tint,https://www.sephora.com/product/mineral-face-spf-30-matte-tint-P395627?icid2=products,COOLA,$36.00,,width:81.65599999999999%
151,Face Fabric Foundation,https://www.sephora.com/product/face-fabric-foundation-P428212?icid2=products,Giorgio Armani Beauty,$49.00,11 more colors,width:81.642%
152,Experience Barepro Liquid Foundation Kit,https://www.sephora.com/product/experience-barepro-liquid-foundation-kit-P433988?icid2=products,bareMinerals,$39.00,,width:76.666%
153,Veil Fluid Makeup Oil Free Broad Spectrum SPF 15,https://www.sephora.com/product/veil-fluid-makeup-oil-free-broad-spectrum-spf-15-P193231?icid2=products,Hourglass,$60.00,10 more colors,width:81.442%
154,Double Wear Maximum Cover Camouflage Foundation For Face and Body SPF 15,https://www.sephora.com/product/double-wear-maximum-cover-P392603?icid2=products,Estée Lauder,$42.00,7 more colors,width:80.44600000000001%
155,Rōsilliance™ Organic BB+ Cream SPF 30,https://www.sephora.com/product/rosilliance-organic-bb-cream-spf-30-P409519?icid2=products,COOLA,$52.00,2 more colors,width:76.74000000000001%
156,Custom Cover Drops,https://www.sephora.com/product/custom-cover-drops-P394579?icid2=products,COVER FX,$44.00,24 more colors,width:75.20800000000001%
157,Teint Couture Long-Wearing Fluid Foundation Broad Spectrum SPF 20,https://www.sephora.com/product/teint-couture-long-wearing-fluid-foundation-broad-spectrum-spf-20-P381810?icid2=products,Givenchy,$51.00,9 more colors,width:89.354%
158,Bienfait Teinté Beauty Balm Sunscreen Broad Spectrum SPF 30,https://www.sephora.com/product/bienfait-teinte-beauty-balm-sunscreen-broad-spectrum-spf-30-P380690?icid2=products,Lancôme,$47.00 - $49.00,3 more colors,width:84.73200000000001%
159,Lingerie de Peau BB Cream,https://www.sephora.com/product/lingerie-de-peau-bb-cream-spf-30-P382310?icid2=products,Guerlain,$54.00,2 more colors,width:85.99%
160,Renewed Hope in a Jar Skin Tint,https://www.sephora.com/product/renewed-hope-in-jar-skin-tint-P417009?icid2=products,philosophy,$39.00,7 more colors,width:81.65599999999999%
161,Matte Perfection Foundation,https://www.sephora.com/product/matte-perfection-foundation-P439400?icid2=products,SEPHORA COLLECTION,$20.00,21 more colors,width:80%
162,Superbalanced Silk Makeup Broad Spectrum 15,https://www.sephora.com/product/superbalanced-silk-makeup-broad-spectrum-15-P411552?icid2=products,CLINIQUE,$27.00,19 more colors,width:78.324%
163,Matissime Velvet Radiant Mattifying Fluid Foundation SPF 20,https://www.sephora.com/product/matissime-velvet-radiant-mattifying-fluid-foundation-spf-20-P419438?icid2=products,Givenchy,$54.00,11 more colors,width:84.634%
164,BB Cushion Pore Blur,https://www.sephora.com/product/bb-cushion-pore-blur-P420658?icid2=products,LANEIGE,$38.00,5 more colors,width:77.10600000000001%
165,Waterproof Foundation & Concealer,https://www.sephora.com/product/waterproof-foundation-concealer-P422454?icid2=products,TOM FORD,$87.00,11 more colors,width:87.058%
166,Double Wear Nude Water Fresh Foundation SPF 30,https://www.sephora.com/product/double-wear-nude-water-fresh-makeup-broad-spectrum-spf-30-P422278?icid2=products,Estée Lauder,$42.00,11 more colors,width:81.71799999999999%
167,Synchro Skin Lasting Liquid Foundation Broad Spectrum SPF 20,https://www.sephora.com/product/synchro-skin-lasting-liquid-foundation-broad-spectrum-spf-20-P405207?icid2=products,Shiseido,$45.00,10 more colors,width:87.124%
168,Traceless Foundation Broad Spectrum SPF 15,https://www.sephora.com/product/traceless-foundation-broad-spectrum-spf-15-P422572?icid2=products,TOM FORD,$87.00,11 more colors,width:85.218%
169,Teint Couture Blurring Foundation Balm Broad Spectrum 15,https://www.sephora.com/product/teint-couture-blurring-foundation-balm-broad-spectrum-15-P397883?icid2=products,Givenchy,$45.00,7 more colors,width:88.634%
170,Full Coverage Cream Foundation,https://www.sephora.com/product/full-coverage-cream-foundation-P400889?icid2=products,Black Up, $21.75,13 more colors,width:81.81800000000001%
171,Matifying Fluid Foundation,https://www.sephora.com/product/matifying-fluid-foundation-P400888?icid2=products,Black Up, $20.75,16 more colors,width:83.514%
172,Flash Focus Hydrating Foundation Stick,https://www.sephora.com/product/flash-focus-hydrating-foundation-stick-P407107?icid2=products,Wander Beauty,$40.00,6 more colors,width:82.474%
173,Perfectionist Youth-Infusing Serum Foundation SPF 25,https://www.sephora.com/product/perfectionist-youth-infusing-makeup-broad-spectrum-spf-25-P388014?skuId=1642834&icid2=products,Estée Lauder,$45.00 - $50.00,3 more colors,width:82.834%
174,MOISTURE BOUND Tinted Treatment Moisturizer SPF 15,https://www.sephora.com/product/moisture-bound-tinted-treatment-moisturizer-spf-15-P308302?icid2=products,AMOREPACIFIC,$70.00,3 more colors,width:84.94999999999999%
175,Surreal Skin Foundation Wand,https://www.sephora.com/product/surreal-real-skin-foundation-wand-P407377?icid2=products,surratt beauty,$65.00,14 more colors,width:81.19400000000002%
176,Marvelous Matte™ Crème Foundation,https://www.sephora.com/product/marvelous-matte-creme-foundation-P434534?icid2=products,lilah b.,$54.00,4 more colors,width:84.444%
177,Age Defense BB Cream Broad Spectrum SPF 30,https://www.sephora.com/product/age-defense-bb-cream-broad-spectrum-spf-30-P293010?icid2=products,CLINIQUE,$39.00,1 more color,width:77.246%
178,Even Better™ Glow Light Reflecting Makeup Broad Spectrum SPF 15,https://www.sephora.com/product/even-better-trade-glow-light-reflecting-makeup-broad-spectrum-spf-15-P422881?skuId=1953355&icid2=products,CLINIQUE,$29.00,23 more colors,width:89.73%
179,Camera Ready CC Cream Broad Spectrum SPF 30 Dark Spot Correcting,https://www.sephora.com/product/camera-ready-cc-cream-broad-spectrum-spf-30-dark-spot-correcting-P378614?skuId=1497007&icid2=products,Smashbox,$42.00,5 more colors,width:78.634%
180,Capture Dreamskin Fresh & Perfect Cushion Broad Spectrum SPF 50 Refill,https://www.sephora.com/product/capture-dreamskin-fresh-perfect-cushion-broad-spectrum-spf-50-refill-P435807?icid2=products,Dior,$42.00,4 more colors,width:93.846%
181,Météorites Baby Glow Sheer Liquid Foundation,https://www.sephora.com/product/meteorites-baby-glow-sheer-liquid-foundation-P394001?icid2=products,Guerlain,$54.00,2 more colors,width:85%
182,Two Way Cake,https://www.sephora.com/product/two-way-cake-P400890?skuId=1752559&icid2=products,Black Up, $19.75,7 more colors,width:84.444%
183,Traceless Perfecting Foundation Broad Spectrum SPF 15,https://www.sephora.com/product/traceless-perfecting-foundation-broad-spectrum-spf-15-P422573?icid2=products,TOM FORD,$87.00,17 more colors,width:72.592%
184,Liquid Lift Foundation,https://www.sephora.com/product/liquid-lift-foundation-P375522?icid2=products,MAKE UP FOR EVER,$44.00,12 more colors,width:84.38000000000001%
185,Lingerie de Peau Aqua Nude Foundation,https://www.sephora.com/product/lingerie-de-peau-aqua-nude-foundation-P422869?icid2=products,Guerlain,$49.00,8 more colors,width:83%
186,Marvelous Mousse Transformative OilFree Foundation,https://www.sephora.com/product/marvelous-mousse-transformative-foundation-P384920?icid2=products,Marc Jacobs Beauty,$55.00,4 more colors,width:77.188%
187,Terracotta  Healthy Glow Liquid Foundation SPF 20,https://www.sephora.com/product/terracotta-healthy-glow-liquid-foundation-spf-20-P385581?icid2=products,Guerlain,$54.00,3 more colors,width:86.95600000000002%
188,Face Glow Foundation,https://www.sephora.com/product/face-glow-foundation-P411829?icid2=products,Natasha Denona,$42.00,11 more colors,width:74.79400000000001%
189,Sheer Vivid Tinted Moisturizer SPF 20,https://www.sephora.com/product/sheer-vivid-tinted-moisturizer-spf-20-P433893?icid2=products,ILIA,$42.00,5 more colors,width:76.924%
190,Liquid Foundation Pump,https://www.sephora.com/product/liquid-foundation-pump-P433123?icid2=products,NARS,$6.00,,width:60%
191,Hydra Life BB Creme Broad Spectrum SPF 30,https://www.sephora.com/product/hydra-life-bb-creme-broad-spectrum-spf-30-P308100?icid2=products,Dior,$60.00,,width:79.216%
192,Flawless Finish Foundation,https://www.sephora.com/product/flawless-finish-foundation-P421445?icid2=products,lilah b.,$48.00,4 more colors,width:74.286%
193,Teint Infusion Ethereal Natural Finish Foundation,https://www.sephora.com/product/teint-infusion-ethereal-natural-finish-foundation-P392911?skuId=1628510&icid2=products,SEPHORA COLLECTION, $9.00,1 more color,width:80.586%
194,Tenue de Perfection Long-lasting Liquid Foundation,https://www.sephora.com/product/tenue-de-perfection-long-lasting-liquid-foundation-P383310?icid2=products,Guerlain,$63.00,2 more colors,width:77.70400000000001%
195,Certified Organic Baked Foundation,https://www.sephora.com/product/certified-organic-baked-foundation-P421435?icid2=products,Antonym,$38.00,5 more colors,width:83.226%
196,Lingerie de Peau Powder Foundation Compact,https://www.sephora.com/product/lingerie-de-peau-powder-foundation-compact-P388986?icid2=products,Guerlain,$69.00,2 more colors,width:86.47%
197,Beyond Perfecting Powder Foundation + Concealer,https://www.sephora.com/product/beyond-perfecting-powder-foundation-concealer-P426374?skuId=2021178&icid2=products,CLINIQUE,$29.00,7 more colors,width:73%
198,Ultimate Foundation 5-in-1 Pro Palette™,https://www.sephora.com/product/ultimate-foundation-5-in-1-pro-palette-P399914?icid2=products,Cinema Secrets,$36.00,5 more colors,width:81.02600000000001%
199,Cashmere - Soft Matte Foundation,https://www.sephora.com/product/cashmere-soft-matte-foundation-P399008?icid2=products,BURBERRY,$52.00,7 more colors,width:80.68199999999999%
200,DD Cream Dermatologically Defining BB Cream Broad Spectrum SPF 30,https://www.sephora.com/product/dd-cream-dermatologically-defining-bb-cream-broad-spectrum-spf-30-P381802?icid2=products,DERMAdoctor,$38.00,,width:68.572%
201,Double Wear Nude Cushion Stick Radiant Foundation,https://www.sephora.com/product/double-wear-nude-cushion-stick-radiant-makeup-P410666?icid2=products,Estée Lauder,$42.00,6 more colors,width:71.734%
202,Wonderful Cushion Foundation,https://www.sephora.com/product/wonderful-cushion-foundation-P403330?icid2=products,SEPHORA COLLECTION, $11.00,3 more colors,width:77.46000000000001%
203,Instant Radiance Sun Defense Sunscreen Broad Spectrum SPF 40,https://www.sephora.com/product/instant-radiance-sun-defense-sunscreen-broad-spectrum-spf-40-P409706?icid2=products,Dr. Dennis Gross Skincare,$42.00,1 more color,width:78.37799999999999%
204,DayWear BB Anti-Oxidant Beauty Benefit Crème SPF 35,https://www.sephora.com/product/daywear-bb-anti-oxidant-beauty-benefit-creme-spf-35-P378285?icid2=products,Estée Lauder,$42.00 - $43.00,1 more color,width:73.58399999999999%
205,Terracotta Skin Cream Powder Foundation,https://www.sephora.com/product/terracotta-skin-cream-powder-foundation-P284711?icid2=products,Guerlain,$58.00,1 more color,width:88.75%
206,Illuminating Powder Foundation,https://www.sephora.com/product/illuminating-powder-foundation-P8850?icid2=products,stila,$28.00,,width:86.96%
207,Candleglow Soft Luminous Foundation,https://www.sephora.com/product/candleglow-soft-luminous-foundation-P404721?icid2=products,Laura Mercier,$48.00,5 more colors,width:74.164%
208,Matifying Tinted Moisturizer,https://www.sephora.com/product/matifying-tinted-moisturizer-P412317?icid2=products,Black Up, $19.75,1 more color,width:88.824%
209,Chromatic Mix – Oil Base,https://www.sephora.com/product/chromatic-mix-oil-base-P400725?icid2=products,MAKE UP FOR EVER,$14.00,5 more colors,width:87.72800000000001%
210,Diorskin Nude Skin-Glowing Foundation Broad Spectrum SPF 15,https://www.sephora.com/product/diorskin-nude-skin-glowing-foundation-broad-spectrum-spf-15-P230421?icid2=products,Dior,$50.00,1 more color,width:88.33800000000001%
211,Double Wear Stay-in-Place Powder Foundation,https://www.sephora.com/product/double-wear-stay-in-place-powder-makeup-P378287?skuId=1778513&icid2=products,Estée Lauder,$42.00,1 more color,width:86.836%
212,Foundation X,https://www.sephora.com/product/foundation-x-P417352?icid2=products,Natasha Denona,$45.00,10 more colors,width:70.304%
213,Liquid BB Crème Au Ginseng Cushion Compact,https://www.sephora.com/product/liquid-bb-cr-me-au-ginseng-cushion-compact-P411366?icid2=products,Erborian, $26.00,,width:79%
214,Skin Esteem Organic Liquid Foundation,https://www.sephora.com/product/skin-esteem-organic-liquid-foundation-P425621?icid2=products,Antonym,$52.00,5 more colors,width:71%
215,Fresh Glow Compact - Luminous Foundation,https://www.sephora.com/product/fresh-glow-compact-luminous-foundation-P399003?icid2=products,BURBERRY,$52.00,,width:86.66600000000001%
216,Chubby in the Nude Foundation Stick,https://www.sephora.com/product/chubby-in-nude-foundation-stick-P404468?icid2=products,CLINIQUE,$27.00,1 more color,width:84.59199999999998%
217,Ultra HD Perfector Skin Tint Foundation SPF 25 - Mini,https://www.sephora.com/product/ultra-hd-perfector-skin-tint-foundation-spf-25-travel-size-P440050?icid2=products,MAKE UP FOR EVER,$20.00,2 more colors,width:100%
218,Bird's Nest Blurring Beauty Mousse Foundation,https://www.sephora.com/product/birds-nest-blurring-beauty-mousse-P419268?icid2=products,Pretty Vulgar,$36.00,7 more colors,width:73.68400000000001%
219,Fresh Glow Foundation Gel Stick Foundation & Concealer,https://www.sephora.com/product/fresh-glow-foundation-gel-stick-foundation-concealer-P429633?icid2=products,BURBERRY,$48.00,12 more colors,width:73.334%
220,Perfection Powder - Featherweight Foundation,https://www.sephora.com/product/perfection-powder-featherweight-foundation-P380709?skuId=1511179&icid2=products,Marc Jacobs Beauty,$46.00,1 more color,width:76.974%
221,Smooth Finish Flawless Fluide,https://www.sephora.com/product/smooth-finish-flawless-fluide-P387423?skuId=1612027&icid2=products,Laura Mercier,$48.00,1 more color,width:80.426%
222,Fresh Glow B.B. Cream Broad Spectrum 20,https://www.sephora.com/product/fresh-glow-b-b-cream-broad-spectrum-20-P399007?icid2=products,BURBERRY,$44.00,,width:77.142%
223,Chromatic Mix – Water Base,https://www.sephora.com/product/chromatic-mix-oil-base-P397683?skuId=1480821&icid2=products,MAKE UP FOR EVER,$14.00,,width:88.00000000000001%
224,Teint Idole Ultra Longwear Cushion Foundation SPF 50,https://www.sephora.com/product/teint-idole-ultra-longwear-cushion-foundation-spf-50-P410888?skuId=1846153&icid2=products,Lancôme,$47.00,2 more colors,width:80.42%
225,Teint Idole Ultra Longwear Cushion Foundation SPF 50 Refill,https://www.sephora.com/product/teint-idole-ultra-longwear-cushion-foundation-spf-50-refill-P413510?icid2=products,Lancôme,$39.00,,width:76.842%
226,Naked Skin Ultra Definition Pressed Finishing Powder,https://www.sephora.com/product/naked-skin-ultra-definition-pressed-finishing-powder-P381170?icid2=products,Urban Decay,$34.00,,width:72.218%
227,Lock-It Powder Foundation,https://www.sephora.com/product/lock-it-powder-foundation-P441024?icid2=products,Kat Von D,$36.00,25 more colors,width:0%
228,Ultra HD Invisible Cover Cream Foundation Palette,https://www.sephora.com/product/ultra-hd-invisible-cover-cream-foundation-palette-P440956?icid2=products,MAKE UP FOR EVER,$110.00,,width:0%
229,Vanish™ Seamless Finish Liquid Foundation,https://www.sephora.com/product/vanish-seamless-finish-liquid-foundation-P440458?icid2=products,Hourglass,$56.00,31 more colors,width:0%
